pos_x,pos_y,pos_z,enemy_x,enemy_y,enemy_z,turret_x,turret_y,x_min,y_min,x_max,y_max,body_x,body_y,body_z,p_speed,e_speed
181.16,37.6,138.63,284.51019287109375,13.038056373596191,151.9061279296875,1.28,-7.1,440.63077,573.74335,596.046,671.23553,357.6330261230469,3.639657974243164,323.1589050292969,-0.033308420330286026,-0.016573619097471237
228.99,39.87,116.42,139.28895568847656,8.310800552368164,241.517333984375,353.94,0.08,0.19272728,730.01086,258.68283,959.75696,6.821849183324957e-06,-7.470516720786691e-07,-1.8676296065223141e-07,1.7639286518096924,6.352811336517334
48.24,39.89,218.27,22.7585391998291,8.599991798400879,13.617460250854492,354.18,0.22,0.19272728,730.01086,258.68283,959.75696,6.662369544940816e-10,2.1678752659681777e-07,-2.660748954497194e-08,1.3943556547164917,2.7010385990142822
