{
  "collision_count": 2,
  "collision_points": [
    [
      151.8306,
      49.73734
    ],
    [
      152.2056,
      47.78315
    ]
  ]
}